﻿Bio;0;B (Stamm);B (Schwe);B (Funda);BP (Stamm);BP (Schwe);BP (Funda);;;;;;;;;;;;;;;;;;;;;
Chemie;1;C (Stamm);C (Schwe);C (Funda);CP (Stamm);CP (Schwe);CP (Funda);;;;;;;;;;;;;;;;;;;;;
BildnerischesGestalten;2;BG (Stamm);BG (Funda);BG (Schwe);KB (Stamm);KB (Schwe);;;;;;;;;;;;;;;;;;;;;;
Sport;3;SP (Stamm);SP (Funda);;;;;;;;;;;;;;;;;;;;;;;;;
Physik;4;P (Stamm);P (Schwe);P (Funda);PP (Stamm);PP (Funda);PP (Schwe);;;;;;;;;;;;;;;;;;;;;
Musik;5;MS (Stamm);MS (Schwe);MS (Funda);;;;;;;;;;;;;;;;;;;;;;;;
MathePraktikum/CA;6;MP (Schwe);MP (Funda);CA (Stamm);;;;;;;;;;;;;;;;;;;;;;;;
Sonst;7;AM (Schwe);AWGG (Schwe);AWGS (Schwe);AWMT (Schwe);D (Stamm);D (Funda);E (Stamm);EH (Funda);E (Funda);F (Stamm);F (Funda);G (Stamm);GG (Stamm);GG (Funda);G (Funda);KS (Stamm);KS (Funda);M (Stamm);M (Schwe);M (Funda);R (Schwe);S (Schwe);SP (Stamm);SP (Funda);WR (Stamm);WR (Funda);WR (Schwe)
